Segment	Voxel count	Volume mm3	Surface mm2	Roundness	Flatness	Elongation	OBB diameter_x	OBB diameter_y	OBB diameter_z
Top - D	3343	184.652	197.565	0.793735	2.56439	1.11269	4.78523	12.7275	14.2012
Top - x2	6137	338.98	247.656	0.949332	1.38211	2.09392	6.72383	9.94886	17.5273
Top - C	3697	204.205	225.936	0.742237	2.20385	1.58263	5.02614	10.7119	15.8356
Top - x4	7407	409.129	302.995	0.879606	2.41638	1.15037	6.0898	13.5917	15.5099
Bot - E	4346	240.053	211.323	0.88391	2.35732	1.87877	4.50719	11.0784	17.7179
Bot - B	4639	256.237	243.685	0.800602	1.47826	2.2209	6.09291	7.85937	14.6225
Bot - C	5591	308.821	234.068	0.943945	1.57866	2.00744	6.16826	9.45472	20.7045
Bot - J	3695	204.095	165.466	1.01313	1.22165	1.50021	6.50126	7.48191	11.2715
