Segment	Voxel count	Volume mm3	Surface mm2	Roundness	Flatness	Elongation	OBB diameter_x	OBB diameter_y	OBB diameter_z
Top - D	2748	182.144	165.569	0.938533	2.01577	1.41506	4.57912	8.65838	13.1591
Top - x2	7266	481.609	297.318	0.99937	1.93906	1.87287	5.70977	10.8623	18.6721
Top - C	4158	275.603	238.354	0.859247	2.08155	1.85252	4.65682	10.1759	16.6512
Top - x4	9988	662.03	434.011	0.846385	3.14178	1.20019	6.07543	16.1987	16.6679
Bot - E	4611	305.629	236.965	0.925969	2.52762	1.69818	4.65351	10.438	17.7346
Bot - B	4834	320.41	276.661	0.818478	2.14207	1.36949	7.83267	14.3694	16.5393
Bot - C	4680	310.202	214.183	1.03466	1.3405	1.95875	6.38717	8.55175	15.9783
Bot - J	8868	587.793	363.202	0.934299	2.68334	1.99549	5.27447	12.3049	25.7393
